2019年爱情喜剧《最佳男友进化论》HD国语中字,/html/gndy/dyzz/20190523/58629.html
2019年惊悚动作《心仇》BD中英双字幕,/html/gndy/dyzz/20190523/58628.html
2018年惊悚剧情《候鸟》BD中英双字幕,/html/gndy/dyzz/20190522/58625.html
2019年剧情动作《回火2》BD中英双字幕,/html/gndy/dyzz/20190522/58624.html
2019年剧情喜剧《教授》BD中英双字幕,/html/gndy/dyzz/20190520/58622.html
2019年悬疑剧情《遗孀秘闻》BD中英双字幕,/html/gndy/dyzz/20190520/58621.html
2018年剧情《开战/全面开战》BD法语中字,/html/gndy/dyzz/20190517/58609.html
2018年爱情《比悲伤更悲伤的故事》HD国语中字,/html/gndy/dyzz/20190516/58605.html
2018年高分获奖剧情《绿皮书》BD国英双语双字,/html/gndy/dyzz/20190515/58604.html
2019年科幻动作《钢铁苍穹2：即临种族》BD中英双字幕,/html/gndy/dyzz/20190515/58603.html
2018年科幻《超能泰坦/末世异种》BD国英双语双字,/html/gndy/dyzz/20190514/58602.html
2019年爱情喜剧《一吻定情》BD国语中字,/html/gndy/dyzz/20190510/58589.html
2018年悬疑惊悚《虽然只是弄丢了手机》BD日语中字,/html/gndy/dyzz/20190510/58588.html
2018年悬疑《彼布利亚古书堂事件手帖》BD日语中字,/html/gndy/dyzz/20190510/58587.html
2019年剧情喜剧《为家而战》BD中英双字幕,/html/gndy/dyzz/20190509/58586.html
2018年喜剧《一次聚会/取个名字》BD德语中字,/html/gndy/dyzz/20190509/58585.html
2019年恐怖《我唾弃你的坟墓：似曾相识》BD中英双字幕,/html/gndy/dyzz/20190506/58576.html
2019年惊悚动作《冷血追击》BD中英双字幕,/html/gndy/dyzz/20190506/58567.html
2013年动作《毒战/破冰》BD国粤双语中字,/html/gndy/dyzz/20190505/58556.html
2019年剧情《老师·好/我们最好的时光》HD国语中字,/html/gndy/dyzz/20190503/58539.html
2018年惊悚剧情《泄密者/洩密者》BD国粤双语中字,/html/gndy/dyzz/20190502/58536.html
2019年悬疑剧情《教授与疯子/牛津解密》HD英语中字,/html/gndy/dyzz/20190429/58530.html
2019年悬疑惊悚《忌日快乐2》BD中英双字幕,/html/gndy/dyzz/20190429/58529.html
2019年动画喜剧《乐高大电影2》BD中英双字幕,/html/gndy/dyzz/20190429/58528.html
2019年科幻灾难《流浪地球》HD国语中英双字,/html/gndy/dyzz/20190427/58523.html
